<?xml version="1.0" encoding="UTF-8"?>
<jcr:root xmlns:sling="http://sling.apache.org/jcr/sling/1.0" xmlns:cq="http://www.day.com/jcr/cq/1.0" xmlns:jcr="http://www.jcp.org/jcr/1.0" xmlns:nt="http://www.jcp.org/jcr/nt/1.0"
    jcr:primaryType="nt:unstructured"
    jcr:title="Article list&#xa;"
    sling:resourceType="cq/gui/components/authoring/dialog"
    extraClientlibs="article.card.tile">
    <content
        jcr:primaryType="nt:unstructured"
        sling:resourceType="granite/ui/components/foundation/container">
        <items jcr:primaryType="nt:unstructured">
            <tabs
                jcr:primaryType="nt:unstructured"
                sling:resourceType="granite/ui/components/foundation/container">
                <layout
                    jcr:primaryType="nt:unstructured"
                    sling:resourceType="granite/ui/components/foundation/layouts/tabs"
                    type="nav"/>
                <items jcr:primaryType="nt:unstructured">
                    <type
                        jcr:primaryType="nt:unstructured"
                        jcr:title="Type"
                        sling:resourceType="granite/ui/components/foundation/section">
                        <layout
                            jcr:primaryType="nt:unstructured"
                            sling:resourceType="granite/ui/components/foundation/layouts/fixedcolumns"
                            margin="{Boolean}false"/>
                        <items jcr:primaryType="nt:unstructured">
                            <column
                                jcr:primaryType="nt:unstructured"
                                sling:resourceType="granite/ui/components/foundation/container">
                                <items jcr:primaryType="nt:unstructured">
                                    <viewtype
                                        jcr:primaryType="nt:unstructured"
                                        sling:resourceType="granite/ui/components/foundation/form/select"
                                        class="view-type"
                                        fieldLabel="View Type"
                                        name="./articleCardTileViewType">
                                        <items jcr:primaryType="nt:unstructured">
                                            <typeone
                                                jcr:primaryType="nt:unstructured"
                                                text="Type One:Article List"
                                                value="typeone"/>
                                            <typetwo
                                                jcr:primaryType="nt:unstructured"
                                                text="Type Two:Article List Two"
                                                value="typetwo"/>
                                        </items>
                                    </viewtype>
                                </items>
                            </column>
                        </items>
                    </type>
                    <typeone
                        jcr:primaryType="nt:unstructured"
                        jcr:title="Type One&#xa;"
                        sling:resourceType="granite/ui/components/foundation/section"
                        class="articletile-type1">
                        <layout
                            jcr:primaryType="nt:unstructured"
                            sling:resourceType="granite/ui/components/foundation/layouts/fixedcolumns"
                            margin="{Boolean}false"/>
                        <items jcr:primaryType="nt:unstructured">
                            <column
                                jcr:primaryType="nt:unstructured"
                                sling:resourceType="granite/ui/components/foundation/container">
                                <items jcr:primaryType="nt:unstructured">
                                    <title
                                        jcr:primaryType="nt:unstructured"
                                        sling:resourceType="granite/ui/components/foundation/form/textfield"
                                        allowBlank="{Boolean}false"
                                        fieldDescription="Text Maximum 52 characters"
                                        fieldLabel="Article Tile Main Title"
                                        maxlength="{Long}52"
                                        name="./articletilemainTitle"
                                        useFixedInlineToolbar="{Boolean}true"
                                        validation="label.validator"
                                        value=""/>
                                    <cards
                                        jcr:primaryType="nt:unstructured"
                                        sling:resourceType="granite/ui/components/foundation/form/multifield"
                                        class="full-width"
                                        fieldLabel="Menu List">
                                        <field
                                            jcr:primaryType="nt:unstructured"
                                            sling:resourceType="granite/ui/components/foundation/form/fieldset"
                                            eaem-nested=""
                                            name="./articlecardtypeone">
                                            <layout
                                                jcr:primaryType="nt:unstructured"
                                                sling:resourceType="granite/ui/components/foundation/layouts/fixedcolumns"
                                                method="absolute"/>
                                            <items jcr:primaryType="nt:unstructured">
                                                <column
                                                    jcr:primaryType="nt:unstructured"
                                                    sling:resourceType="granite/ui/components/foundation/container">
                                                    <items jcr:primaryType="nt:unstructured">
                                                        <image
                                                            jcr:primaryType="nt:unstructured"
                                                            sling:resourceType="granite/ui/components/foundation/form/pathbrowser"
                                                            fieldDescription="Choose image &#xa;"
                                                            fieldLabel="Article Tile Image "
                                                            name="./articletileImage"
                                                            validation="backgroundimage.validation"/>
                                                        <title
                                                            jcr:primaryType="nt:unstructured"
                                                            sling:resourceType="granite/ui/components/foundation/form/textfield"
                                                            fieldDescription="Title maximum 52 characters."
                                                            fieldLabel="Article Tile Title"
                                                            jncw-maxlength="{Long}52"
                                                            name="./articletileTitle"
                                                            validation="label.validator"/>
                                                        <description
                                                            jcr:primaryType="nt:unstructured"
                                                            sling:resourceType="cq/gui/components/authoring/dialog/richtext"
                                                            fieldDescription="Description will be displayed on Article card"
                                                            fieldLabel="Article Tile Description"
                                                            name="./articletileDesc"
                                                            required="true">
                                                            <rtePlugins jcr:primaryType="nt:unstructured">
                                                                <format
                                                                    jcr:primaryType="nt:unstructured"
                                                                    features="[bold,italic,underline]"/>
                                                                <justify
                                                                    jcr:primaryType="nt:unstructured"
                                                                    features="[]"/>
                                                                <lists
                                                                    jcr:primaryType="nt:unstructured"
                                                                    features="[]"/>
                                                                <paraformat
                                                                    jcr:primaryType="nt:unstructured"
                                                                    features="*">
                                                                    <format jcr:primaryType="cq:WidgetCollection">
                                                                        <p
                                                                            jcr:primaryType="nt:unstructured"
                                                                            description="This is my paragraph"
                                                                            tag="p"/>
                                                                        <h1
                                                                            jcr:primaryType="nt:unstructured"
                                                                            description="this is my header 1"
                                                                            tag="h1"/>
                                                                        <h2
                                                                            jcr:primaryType="nt:unstructured"
                                                                            description="this is my header 2"
                                                                            tag="h2"/>
                                                                    </format>
                                                                </paraformat>
                                                                <table
                                                                    jcr:primaryType="nt:unstructured"
                                                                    features="*"/>
                                                                <styles
                                                                    jcr:primaryType="nt:unstructured"
                                                                    features="*">
                                                                    <styles jcr:primaryType="nt:unstructured">
                                                                        <plainSpan
                                                                            jcr:primaryType="nt:unstructured"
                                                                            cssName="defaultSpan"
                                                                            text="Default (add span tag)"/>
                                                                        <lead
                                                                            jcr:primaryType="nt:unstructured"
                                                                            cssName="lead"
                                                                            text="Lead"/>
                                                                    </styles>
                                                                </styles>
                                                                <findreplace
                                                                    jcr:primaryType="nt:unstructured"
                                                                    features="*"/>
                                                                <subsuperscript
                                                                    jcr:primaryType="nt:unstructured"
                                                                    features="*"/>
                                                                <spellcheck
                                                                    jcr:primaryType="nt:unstructured"
                                                                    features="*"/>
                                                                <misctools
                                                                    jcr:primaryType="nt:unstructured"
                                                                    features="*">
                                                                    <specialCharsConfig jcr:primaryType="nt:unstructured">
                                                                        <chars jcr:primaryType="nt:unstructured">
                                                                            <pound
                                                                                jcr:primaryType="nt:unstructured"
                                                                                entity="&amp;#163;"/>
                                                                            <nbsp
                                                                                jcr:primaryType="nt:unstructured"
                                                                                entity="&amp;#160;"/>
                                                                            <registered
                                                                                jcr:primaryType="nt:unstructured"
                                                                                entity="&amp;#174;"/>
                                                                            <copyright
                                                                                jcr:primaryType="nt:unstructured"
                                                                                entity="&amp;#169;"/>
                                                                            <trademark
                                                                                jcr:primaryType="nt:unstructured"
                                                                                entity="&amp;#8482;"/>
                                                                            <emDash
                                                                                jcr:primaryType="nt:unstructured"
                                                                                entity="&amp;#8212;"/>
                                                                        </chars>
                                                                    </specialCharsConfig>
                                                                </misctools>
                                                                <experience-aem
                                                                    jcr:primaryType="nt:unstructured"
                                                                    features="*"/>
                                                                <links
                                                                    jcr:primaryType="nt:unstructured"
                                                                    features="[]"/>
                                                            </rtePlugins>
                                                            <uiSettings jcr:primaryType="nt:unstructured">
                                                                <cui jcr:primaryType="nt:unstructured">
                                                                    <inline
                                                                        jcr:primaryType="nt:unstructured"
                                                                        toolbar="[format#bold,format#italic,format#underline,#justify,#lists,subsuperscript#subscript,subsuperscript#superscript,links#modifylink,links#unlink,findreplace#find,findreplace#replace,spellcheck#checktext,misctools#specialchars,misctools#sourceedit,#styles,#paraformat,table#createoredit,experience-aem#colorPicker]">
                                                                        <popovers jcr:primaryType="nt:unstructured">
                                                                            <justify
                                                                                jcr:primaryType="nt:unstructured"
                                                                                items="[justify#justifyleft,justify#justifycenter,justify#justifyright]"
                                                                                ref="justify"/>
                                                                            <lists
                                                                                jcr:primaryType="nt:unstructured"
                                                                                items="[lists#unordered,lists#ordered,lists#outdent,lists#indent]"
                                                                                ref="lists"/>
                                                                            <paraformat
                                                                                jcr:primaryType="nt:unstructured"
                                                                                items="paraformat:getFormats:paraformat-pulldown"
                                                                                ref="paraformat"/>
                                                                            <format
                                                                                jcr:primaryType="nt:unstructured"
                                                                                items="[format#bold,format#italic,format#underline]"
                                                                                ref="format"/>
                                                                            <styles
                                                                                jcr:primaryType="nt:unstructured"
                                                                                items="styles:getStyles:styles-pulldown"
                                                                                ref="styles"/>
                                                                        </popovers>
                                                                    </inline>
                                                                    <tableEditOptions
                                                                        jcr:primaryType="nt:unstructured"
                                                                        toolbar="[table#insertcolumn-before,table#insertcolumn-after,table#removecolumn,-,table#insertrow-before,table#insertrow-after,table#removerow,-,table#mergecells-right,table#mergecells-down,table#mergecells,table#splitcell-horizontal,table#splitcell-vertical,-,table#selectrow,table#selectcolumn,-,table#ensureparagraph,-,table#modifytableandcell,table#removetable,-,undo#undo,undo#redo,-,table#exitTableEditing,-]"/>
                                                                </cui>
                                                            </uiSettings>
                                                        </description>
                                                    </items>
                                                </column>
                                            </items>
                                        </field>
                                    </cards>
                                </items>
                            </column>
                        </items>
                    </typeone>
                </items>
            </tabs>
        </items>
    </content>
</jcr:root>
